,1
code,2
spaced,1
help,1
produces,1
text,2
labels,1
rest,1
bunch,1
visualization,1
tukey,2
converting,1
rough,1
debate,1
newlines,1
nicolas,1
shorter,1
cut,1
graph,2
deck,2
crime,1
better,2
color,1
program,3
chartjunk,1
stephen,1
gmr,1
save,1
local,1
transformation,1
sent,1
string,1
python,2
big,1
background,1
lecture,1
using,1
recipient,1
emails,1
cool,1
read_data,1
basics,1
appearing,1
rendering,1
gender,1
reduces,1
refactored,1
list,1
solution,1
email,1
ozone,1
assignments,1
slide,2
paper,1
renamed,1
quick,1
x,1
fixed,4
google,1
titled,1
mental,2
clarified,1
series,1
analytics,1
added,5
result,1
images,1
make_data,1
array,3
snippets,1
gmail,1
rougier,1
collect,1
ported,1
pattern,1
ticks,2
dataframes,1
brief,1
comments,1
libraries,1
3,1
version,2
7,1
print,1
import,2
row,2
correct,1
plotting,1
eating,1
responses,1
dictionary,1
missing,1
screen,1
men,1
drew,1
ascending,2
indices,2
matplotlib,1
output,1
represented,1
limits,1
created,1
interesting,1
changed,5
ids,1
compatible,1
spines,1
receiver,1
passing,1
history,1
block,1
plotted,2
repositories,1
initial,1
letters,1
simple,4
variables,1
quantile,1
dataframe,2
header,2
semester,1
set,1
vline,1
table,3
fbi,1
senders,1
linearly,1
size,1
plot,4
use,1
statistics,1
handled,1
source,1
introduction,1
create,1
py,2
custom,1
absolutely,1
2,4
ensured,1
way,2
white,1
sort,1
life,1
murder,1
apis,1
hline,1
make_stat,1
properly,1
external,1
2014,1
line,1
bug,3
women,1
stacked,1
default,1
science,1
work,2
elide,1
air,1
headers,2
labeled,1
frequency,1
values,2
dirty,1
scanners,1
examples,1
files,1
interactive,1
figure,1
computing,1
explicit,1
graphics,2
substantial,1
file,2
sense,1
need,1
offense,1
spanning,1
concentration,1
axis,4
needs,1
develop,1
make,1
archive,1
write,1
read,1
amazing,1
setting,1
5,1
build,1
frequencies,1
csv,1
pandas,2
draw,2
used,2
multiple,1
separate,1
assignment,1
containing,1
grammar,2
important,1
uses,1
necessity,1
variable,1
future,1
data,8
rules,1
recieved,1
tricks,1
interval,1
lines,2
analysis,1
1,1
incomplete,1
time,1
y,3
mktabl,1
model,2
order,2
dot,2
